{"1": {"cumulative_prob": [33544.25, 3.75], "regrets": [0.875, -5558.4160395526205]}, "0p": {"cumulative_prob": [22331.187929351363, 11201.812070648564], "regrets": [63.32577707533599, -131.4922838416389]}, "2p": {"cumulative_prob": [2.0, 33413.0], "regrets": [-7726.959951349266, 0.375]}, "2pb": {"cumulative_prob": [0.25, 21156.246022161038], "regrets": [-16949.953136367054, 0.75]}, "1p": {"cumulative_prob": [33048.92857142857, 3.071428571428571], "regrets": [0.8928571428571428, -10510.683136002119]}, "1pb": {"cumulative_prob": [18128.28237134991, 15415.967628650067], "regrets": [119.76786244259692, -6.0704905501955935]}, "0b": {"cumulative_prob": [33532.5, 0.5], "regrets": [0.25, -6130.579970985402]}, "0": {"cumulative_prob": [29119.616017825912, 4078.383982174094], "regrets": [90.35768822934139, -203.06184278733804]}, "2": {"cumulative_prob": [21156.496022161038, 12097.503977840182], "regrets": [36.5403381087818, -103.97552806906481]}, "2b": {"cumulative_prob": [0.5, 33414.5], "regrets": [-6120.518425976101, 1.5]}, "1b": {"cumulative_prob": [21940.641643717274, 11111.358356283416], "regrets": [-82.00582923749641, 65.70368445383613]}, "0pb": {"cumulative_prob": [29119.366017825912, 0.25], "regrets": [0.25, -16626.678571428572]}}