{"p1_regrets": [-18884, -10151, -8762, -29, -25046, -16313, -14924, -6191, -19489, -10756, -9367, -634, -25651, -16918, -15529, -6796, -18582, -9849, -8460, 273, -24744, -16011, -14622, -5889, -19187, -10454, -9065, -332, -25349, -16616, -15227, -6494, -29334, -20601, -19212, -10479, -35496, -26763, -25374, -16641, -29939, -21206, -19817, -11084, -36101, -27368, -25979, -17246, -29032, -20299, -18910, -10177, -35194, -26461, -25072, -16339, -29637, -20904, -19515, -10782, -35799, -27066, -25677, -16944], "p0_strategies": [["check_then_fold", "check_then_fold", "check_then_fold"], ["check_then_fold", "check_then_fold", "check_then_raise"], ["check_then_fold", "check_then_fold", "bet_out"], ["check_then_fold", "check_then_raise", "check_then_fold"], ["check_then_fold", "check_then_raise", "check_then_raise"], ["check_then_fold", "check_then_raise", "bet_out"], ["check_then_fold", "bet_out", "check_then_fold"], ["check_then_fold", "bet_out", "check_then_raise"], ["check_then_fold", "bet_out", "bet_out"], ["check_then_raise", "check_then_fold", "check_then_fold"], ["check_then_raise", "check_then_fold", "check_then_raise"], ["check_then_raise", "check_then_fold", "bet_out"], ["check_then_raise", "check_then_raise", "check_then_fold"], ["check_then_raise", "check_then_raise", "check_then_raise"], ["check_then_raise", "check_then_raise", "bet_out"], ["check_then_raise", "bet_out", "check_then_fold"], ["check_then_raise", "bet_out", "check_then_raise"], ["check_then_raise", "bet_out", "bet_out"], ["bet_out", "check_then_fold", "check_then_fold"], ["bet_out", "check_then_fold", "check_then_raise"], ["bet_out", "check_then_fold", "bet_out"], ["bet_out", "check_then_raise", "check_then_fold"], ["bet_out", "check_then_raise", "check_then_raise"], ["bet_out", "check_then_raise", "bet_out"], ["bet_out", "bet_out", "check_then_fold"], ["bet_out", "bet_out", "check_then_raise"], ["bet_out", "bet_out", "bet_out"]], "p0_cumulative_prob": [0.037037037037037035, 6343.548961856918, 34048.319421116226, 0.037037037037037035, 19215.93745925652, 20443.62321927092, 0.14814814814814814, 2.300925925925926, 15.772356675496574, 0.037037037037037035, 0.1037037037037037, 0.037037037037037035, 0.037037037037037035, 0.1037037037037037, 0.037037037037037035, 0.14814814814814814, 0.6703703703703703, 0.4925925925925925, 0.037037037037037035, 2740.3531038386423, 3944.5576724759594, 0.037037037037037035, 9336.271421067377, 3900.9413844412175, 0.14814814814814814, 4.3203703703703695, 1.9425925925925924], "p1_strategies": [["check_or_fold", "check_or_fold", "check_or_fold"], ["check_or_fold", "check_or_fold", "bet_or_fold"], ["check_or_fold", "check_or_fold", "check_or_raise"], ["check_or_fold", "check_or_fold", "bet_or_raise"], ["check_or_fold", "bet_or_fold", "check_or_fold"], ["check_or_fold", "bet_or_fold", "bet_or_fold"], ["check_or_fold", "bet_or_fold", "check_or_raise"], ["check_or_fold", "bet_or_fold", "bet_or_raise"], ["check_or_fold", "check_or_raise", "check_or_fold"], ["check_or_fold", "check_or_raise", "bet_or_fold"], ["check_or_fold", "check_or_raise", "check_or_raise"], ["check_or_fold", "check_or_raise", "bet_or_raise"], ["check_or_fold", "bet_or_raise", "check_or_fold"], ["check_or_fold", "bet_or_raise", "bet_or_fold"], ["check_or_fold", "bet_or_raise", "check_or_raise"], ["check_or_fold", "bet_or_raise", "bet_or_raise"], ["bet_or_fold", "check_or_fold", "check_or_fold"], ["bet_or_fold", "check_or_fold", "bet_or_fold"], ["bet_or_fold", "check_or_fold", "check_or_raise"], ["bet_or_fold", "check_or_fold", "bet_or_raise"], ["bet_or_fold", "bet_or_fold", "check_or_fold"], ["bet_or_fold", "bet_or_fold", "bet_or_fold"], ["bet_or_fold", "bet_or_fold", "check_or_raise"], ["bet_or_fold", "bet_or_fold", "bet_or_raise"], ["bet_or_fold", "check_or_raise", "check_or_fold"], ["bet_or_fold", "check_or_raise", "bet_or_fold"], ["bet_or_fold", "check_or_raise", "check_or_raise"], ["bet_or_fold", "check_or_raise", "bet_or_raise"], ["bet_or_fold", "bet_or_raise", "check_or_fold"], ["bet_or_fold", "bet_or_raise", "bet_or_fold"], ["bet_or_fold", "bet_or_raise", "check_or_raise"], ["bet_or_fold", "bet_or_raise", "bet_or_raise"], ["check_or_raise", "check_or_fold", "check_or_fold"], ["check_or_raise", "check_or_fold", "bet_or_fold"], ["check_or_raise", "check_or_fold", "check_or_raise"], ["check_or_raise", "check_or_fold", "bet_or_raise"], ["check_or_raise", "bet_or_fold", "check_or_fold"], ["check_or_raise", "bet_or_fold", "bet_or_fold"], ["check_or_raise", "bet_or_fold", "check_or_raise"], ["check_or_raise", "bet_or_fold", "bet_or_raise"], ["check_or_raise", "check_or_raise", "check_or_fold"], ["check_or_raise", "check_or_raise", "bet_or_fold"], ["check_or_raise", "check_or_raise", "check_or_raise"], ["check_or_raise", "check_or_raise", "bet_or_raise"], ["check_or_raise", "bet_or_raise", "check_or_fold"], ["check_or_raise", "bet_or_raise", "bet_or_fold"], ["check_or_raise", "bet_or_raise", "check_or_raise"], ["check_or_raise", "bet_or_raise", "bet_or_raise"], ["bet_or_raise", "check_or_fold", "check_or_fold"], ["bet_or_raise", "check_or_fold", "bet_or_fold"], ["bet_or_raise", "check_or_fold", "check_or_raise"], ["bet_or_raise", "check_or_fold", "bet_or_raise"], ["bet_or_raise", "bet_or_fold", "check_or_fold"], ["bet_or_raise", "bet_or_fold", "bet_or_fold"], ["bet_or_raise", "bet_or_fold", "check_or_raise"], ["bet_or_raise", "bet_or_fold", "bet_or_raise"], ["bet_or_raise", "check_or_raise", "check_or_fold"], ["bet_or_raise", "check_or_raise", "bet_or_fold"], ["bet_or_raise", "check_or_raise", "check_or_raise"], ["bet_or_raise", "check_or_raise", "bet_or_raise"], ["bet_or_raise", "bet_or_raise", "check_or_fold"], ["bet_or_raise", "bet_or_raise", "bet_or_fold"], ["bet_or_raise", "bet_or_raise", "check_or_raise"], ["bet_or_raise", "bet_or_raise", "bet_or_raise"]], "p1_cumulative_prob": [0.052650546292787676, 4.021342753662252, 12.787754809403602, 41178.28980308893, 0.052650546292787676, 0.052650546292787676, 1.2901288223866643, 60.25495578505151, 0.08280186049582601, 3.1093297088312837, 16.094769374402986, 25788.3799008167, 0.08280186049582601, 0.08280186049582601, 2.0081857266475263, 35.20447834546216, 0.157951638878363, 0.157951638878363, 8.538205333336458, 25071.726324391624, 0.157951638878363, 0.157951638878363, 1.951994620016377, 19.49380100605635, 0.2690603842898775, 0.43670530890789816, 6.882431451700664, 7709.774310819117, 0.1994665894450377, 0.1994665894450377, 3.2419556950297697, 3.881698066674045, 0.015625, 0.015625, 4.107427093180609, 15.512931860099078, 0.015625, 0.015625, 0.10449453563677702, 0.597893468325279, 0.0276276525198939, 0.0276276525198939, 3.896160196211733, 19.792092943018954, 0.0276276525198939, 0.0276276525198939, 0.616662688002911, 1.1164852429402132, 0.09000686813186813, 0.09000686813186813, 3.228298846344559, 5.26896315725153, 0.09000686813186813, 0.09000686813186813, 0.7083728929079298, 0.8168519108279833, 0.11447636415308829, 0.11447636415308829, 4.48127723035496, 5.774032876906333, 0.11447636415308829, 0.11447636415308829, 1.8274186679532318, 2.0854595881979656], "p0_regrets": [-16246, 98, 143, -16340, 4, 49, -21850, -5506, -5461, -33127, -16783, -16738, -33221, -16877, -16832, -38731, -22387, -22342, -16632, -288, -243, -16726, -382, -337, -22236, -5892, -5847]}